case_id	candidate	family	semantic_depth	mode	rep	path_steps	runtime_path_ops	car_calls	cdr_calls	generate_i_refs	decode_i_refs	compile_i_refs	decode_delta_per_path	lower_emit_delta_per_path	native_batch	native_baseline_i_refs	native_full_i_refs	native_delta_i_refs	native_i_refs_per_eval	native_i_refs_per_step	baseline_machine_insts	full_machine_insts	machine_inst_delta	machine_insts_per_step	baseline_text_bytes	full_text_bytes	code_bytes_delta	code_bytes_per_step
selector-d0-repeated-nested-ir	nested-ir	selector	0	repeated	CML exact Sens8 CAR/CDR calls	1	0	0	1	573208	787329	12483190	214.121	11695.861	32	145303	145570	267	8.34375	8.34375	15	19	4	4.0	55	73	18	18.0
selector-d0-repeated-linear-recipe	linear-recipe	selector	0	repeated	CML exact Sens8 CAR/CDR calls	1	0	0	1	573208	787329	15586427	214.121	14799.098	32	145303	145538	235	7.34375	7.34375	15	18	3	3.0	55	66	11	11.0
selector-d0-random-nested-ir	nested-ir	selector	0	random	CML exact Sens8 CAR/CDR calls	1	0	0	1	567186	784335	12483196	217.149	11698.861	32	145303	145570	267	8.34375	8.34375	15	19	4	4.0	55	73	18	18.0
selector-d0-random-linear-recipe	linear-recipe	selector	0	random	CML exact Sens8 CAR/CDR calls	1	0	0	1	567186	784335	15589433	217.149	14805.098	32	145303	145538	235	7.34375	7.34375	15	18	3	3.0	55	66	11	11.0
selector-d1-repeated-nested-ir	nested-ir	selector	1	repeated	CML exact Sens8 CAR/CDR calls	2	0	0	2	833208	1298329	19382256	465.121	18083.927	32	145751	146306	555	17.34375	8.671875	22	30	8	4.0	86	122	36	18.0
selector-d1-repeated-linear-recipe	linear-recipe	selector	1	repeated	CML exact Sens8 CAR/CDR calls	2	0	0	2	833208	1298329	20015976	465.121	18717.647	32	145751	146242	491	15.34375	7.671875	22	28	6	3.0	86	108	22	11.0
selector-d1-random-nested-ir	nested-ir	selector	1	random	CML exact Sens8 CAR/CDR calls	2	0	0	2	827186	1297335	19386262	470.149	18088.927	32	145751	146306	555	17.34375	8.671875	22	30	8	4.0	86	122	36	18.0
selector-d1-random-linear-recipe	linear-recipe	selector	1	random	CML exact Sens8 CAR/CDR calls	2	0	0	2	827186	1297335	20024982	470.149	18727.647	32	145751	146242	491	15.34375	7.671875	22	28	6	3.0	86	108	22	11.0
selector-d2-repeated-nested-ir	nested-ir	selector	2	repeated	CML exact Sens8 CAR/CDR calls	3	0	0	3	846208	1326299	26897686	480.091	25571.387	32	146199	147042	843	26.34375	8.78125	29	41	12	4.0	117	171	54	18.0
selector-d2-repeated-linear-recipe	linear-recipe	selector	2	repeated	CML exact Sens8 CAR/CDR calls	3	0	0	3	846208	1326299	23648526	480.091	22322.227	32	146199	146946	747	23.34375	7.78125	29	38	9	3.0	117	150	33	11.0
selector-d2-random-nested-ir	nested-ir	selector	2	random	CML exact Sens8 CAR/CDR calls	3	0	0	3	840186	1326805	26762459	486.619	25435.654	32	146199	147042	843	26.34375	8.78125	29	41	12	4.0	117	171	54	18.0
selector-d2-random-linear-recipe	linear-recipe	selector	2	random	CML exact Sens8 CAR/CDR calls	3	0	0	3	840186	1326805	23660782	486.619	22333.977	32	146199	146946	747	23.34375	7.78125	29	38	9	3.0	117	150	33	11.0
selector-d4-repeated-nested-ir	nested-ir	selector	4	repeated	CML exact Sens8 CAR/CDR calls	5	0	2	3	872178	1382299	38922291	510.121	37539.992	32	147095	148514	1419	44.34375	8.86875	43	63	20	4.0	179	275	96	19.2
selector-d4-repeated-linear-recipe	linear-recipe	selector	4	repeated	CML exact Sens8 CAR/CDR calls	5	0	2	3	872178	1382299	30708826	510.121	29326.527	32	147095	148354	1259	39.34375	7.86875	43	58	15	3.0	179	234	55	11.0
selector-d4-random-nested-ir	nested-ir	selector	4	random	CML exact Sens8 CAR/CDR calls	5	0	2	3	866156	1385793	38930998	519.637	37545.205	32	147095	148514	1419	44.34375	8.86875	43	63	20	4.0	179	275	96	19.2
selector-d4-random-linear-recipe	linear-recipe	selector	4	random	CML exact Sens8 CAR/CDR calls	5	0	2	3	866156	1385793	30546825	519.637	29161.032	32	147095	148354	1259	39.34375	7.86875	43	58	15	3.0	179	234	55	11.0
selector-d8-repeated-nested-ir	nested-ir	selector	8	repeated	CML exact Sens8 CAR/CDR calls	9	0	6	3	1068178	1769299	67617882	701.121	65848.583	32	148887	151458	2571	80.34375	8.927083333333334	71	111	40	4.444444444444445	309	483	174	19.333333333333332
selector-d8-repeated-linear-recipe	linear-recipe	selector	8	repeated	CML exact Sens8 CAR/CDR calls	9	0	6	3	1068178	1769299	46687562	701.121	44918.263	32	148887	151170	2283	71.34375	7.927083333333333	71	98	27	3.0	309	408	99	11.0
selector-d8-random-nested-ir	nested-ir	selector	8	random	CML exact Sens8 CAR/CDR calls	9	0	6	3	1062156	1778185	67641177	716.029	65862.992	32	148887	151458	2571	80.34375	8.927083333333334	71	111	40	4.444444444444445	309	483	174	19.333333333333332
selector-d8-random-linear-recipe	linear-recipe	selector	8	random	CML exact Sens8 CAR/CDR calls	9	0	6	3	1062156	1778185	46758866	716.029	44980.681	32	148887	151170	2283	71.34375	7.927083333333333	71	98	27	3.0	309	408	99	11.0
selector-d16-repeated-nested-ir	nested-ir	selector	16	repeated	CML exact Sens8 CAR/CDR calls	17	0	14	3	1584944	2805923	123828641	1220.979	121022.718	32	152471	157346	4875	152.34375	8.961397058823529	129	231	102	6.0	563	971	408	24.0
selector-d16-repeated-linear-recipe	linear-recipe	selector	16	repeated	CML exact Sens8 CAR/CDR calls	17	0	14	3	1584944	2805923	78752102	1220.979	75946.179	32	152471	156802	4331	135.34375	7.961397058823529	129	180	51	3.0	563	750	187	11.0
selector-d16-random-nested-ir	nested-ir	selector	16	random	CML exact Sens8 CAR/CDR calls	17	0	14	3	1578922	2817737	123865178	1238.815	121047.441	32	152471	157346	4875	152.34375	8.961397058823529	129	231	102	6.0	563	971	408	24.0
selector-d16-random-linear-recipe	linear-recipe	selector	16	random	CML exact Sens8 CAR/CDR calls	17	0	14	3	1578922	2817737	78747993	1238.815	75930.256	32	152471	156802	4331	135.34375	7.961397058823529	129	180	51	3.0	563	750	187	11.0