depth	candidate	median_total_i_refs	median_base_i_refs	net_i_refs_per_call	code_bytes	path_data_bytes	packed_path_lower_bound_bytes	static_footprint_bytes	primitive_steps	runtime_path_decode_ops
0	unrolled	3344555	1994549	27.000	4	0	0	4	0	0
0	loop	4994549	1994549	60.000	52	0	0	52	0	0
1	unrolled	3344587	1994581	27.000	5	0	0	5	1	0
1	loop	5444581	1994581	69.000	52	1	1	53	1	1
2	unrolled	3394614	1994608	28.000	8	0	0	8	2	0
2	loop	5794608	1994608	76.000	52	2	1	54	2	2
4	unrolled	3494666	1994660	30.000	15	0	0	15	4	0
4	loop	6494660	1994660	90.000	52	4	1	56	4	4
8	unrolled	3694773	1994767	34.000	29	0	0	29	8	0
8	loop	7894767	1994767	118.000	52	8	1	60	8	8
16	unrolled	4095005	1994999	42.000	57	0	0	57	16	0
16	loop	10694999	1994999	174.000	52	16	2	68	16	16
32	unrolled	4895429	1995423	58.000	113	0	0	113	32	0
32	loop	16295423	1995423	286.000	52	32	4	84	32	32
64	unrolled	6496277	1996271	90.000	225	0	0	225	64	0
64	loop	27496271	1996271	510.000	52	64	8	116	64	64
